Workbook

Sheet Summary
A1: NJ dispensary menu platforms
A2: Scan of the 331 locations on the NJ CRC dispensary map, Oct 2026. Counts are live formulas over the Stores tab.
A4: Menu platform | B4: Stores | C4: Share of all stores | D4: Share of identified
A5: Dutchie | B5: =COUNTIF(Stores!$G$2:$G$332,A5) -> 123 | C5: =B5/$B$26 -> 0.37160121 | D5: =B5/$B$22 -> 0.47674419
A6: Dispense | B6: =COUNTIF(Stores!$G$2:$G$332,A6) -> 55 | C6: =B6/$B$26 -> 0.16616314 | D6: =B6/$B$22 -> 0.21317829
A7: Sweed | B7: =COUNTIF(Stores!$G$2:$G$332,A7) -> 37 | C7: =B7/$B$26 -> 0.11178248 | D7: =B7/$B$22 -> 0.14341085
A8: Flowhub | B8: =COUNTIF(Stores!$G$2:$G$332,A8) -> 9 | C8: =B8/$B$26 -> 0.027190332 | D8: =B8/$B$22 -> 0.034883721
A9: Jane | B9: =COUNTIF(Stores!$G$2:$G$332,A9) -> 7 | C9: =B9/$B$26 -> 0.021148036 | D9: =B9/$B$22 -> 0.027131783
A10: Herb.co (Aggle) | B10: =COUNTIF(Stores!$G$2:$G$332,A10) -> 6 | C10: =B10/$B$26 -> 0.018126888 | D10: =B10/$B$22 -> 0.023255814
A11: Meadow | B11: =COUNTIF(Stores!$G$2:$G$332,A11) -> 4 | C11: =B11/$B$26 -> 0.012084592 | D11: =B11/$B$22 -> 0.015503876
A12: Blaze | B12: =COUNTIF(Stores!$G$2:$G$332,A12) -> 3 | C12: =B12/$B$26 -> 0.0090634441 | D12: =B12/$B$22 -> 0.011627907
A13: Shopify (custom storefront) | B13: =COUNTIF(Stores!$G$2:$G$332,A13) -> 3 | C13: =B13/$B$26 -> 0.0090634441 | D13: =B13/$B$22 -> 0.011627907
A14: Treez | B14: =COUNTIF(Stores!$G$2:$G$332,A14) -> 3 | C14: =B14/$B$26 -> 0.0090634441 | D14: =B14/$B$22 -> 0.011627907
A15: Proteus420 | B15: =COUNTIF(Stores!$G$2:$G$332,A15) -> 2 | C15: =B15/$B$26 -> 0.0060422961 | D15: =B15/$B$22 -> 0.007751938
A16: Carrot | B16: =COUNTIF(Stores!$G$2:$G$332,A16) -> 1 | C16: =B16/$B$26 -> 0.003021148 | D16: =B16/$B$22 -> 0.003875969
... A21: Leafly embed | B21: =COUNTIF(Stores!$G$2:$G$332,A21) -> 1 | C21: =B21/$B$26 -> 0.003021148 | D21: =B21/$B$22 -> 0.003875969
A22: Identified subtotal | B22: =SUM(B5:B21) -> 258 | C22: =B22/$B$26 -> 0.77945619 | D22: =B22/$B$22 -> 1
A23: Unidentified | B23: =COUNTIF(Stores!$G$2:$G$332,A23) -> 59 | C23: =B23/$B$26 -> 0.17824773
A24: Error | B24: =COUNTIF(Stores!$G$2:$G$332,A24) -> 1 | C24: =B24/$B$26 -> 0.003021148
A25: No website | B25: =COUNTIF(Stores!$G$2:$G$332,A25) -> 13 | C25: =B25/$B$26 -> 0.039274924
A26: Total stores | B26: =B22+SUM(B23:B25) -> 331 | C26: =B26/$B$26 -> 1
A28: Top 3 platforms (adapters to build first) | B28: =SUM(B5:B7) -> 215 | C28: =B28/$B$26 -> 0.64954683 | D28: =B28/$B$22 -> 0.83333333
A30: Why stores are unidentified
A31: Reason | B31: Stores
A32: Site failed to load in browser | B32: =COUNTIF(Stores!$J$2:$J$332,A32) -> 16
A33: Prismic-built site; no menu vendor request seen | B33: =COUNTIF(Stores!$J$2:$J$332,A33) -> 13
A34: No third-party menu vendor seen | B34: =COUNTIF(Stores!$J$2:$J$332,A34) -> 12
A35: Chain with first-party menu (unconfirmed) | B35: =COUNTIF(Stores!$J$2:$J$332,A35) -> 6
A36: Site blocked automated browser (HTTP 520) | B36: =COUNTIF(Stores!$J$2:$J$332,A36) -> 5
A37: Site blocked automated browser (HTTP 403) | B37: =COUNTIF(Stores!$J$2:$J$332,A37) -> 4
A38: Menu pages returned 404 | B38: =COUNTIF(Stores!$J$2:$J$332,A38) -> 2
A39: Site blocked automated browser (HTTP 409) | B39: =COUNTIF(Stores!$J$2:$J$332,A39) -> 1
A40: Site blocked automated browser (HTTP 525) | B40: =COUNTIF(Stores!$J$2:$J$332,A40) -> 1
A41: Total | B41: =SUM(B32:B40) -> 60

Sheet Stores
A1: Store | B1: Town | C1: ZIP | D1: State map tags | E1: Website | F1: Menu URL scanned | G1: Menu platform | H1: Confidence | I1: Evidence | J1: Why unidentified | K1: Note | L1: API paths seen
A2: Flowerbomb Dispensary | B2: Irvington | C2: 07111 | D2: Recreational cannabis | E2: https://flowerbombdispensarynj.com/ | F2: https://flowerbombdispensarynj.com/shop/ | G2: Blaze | H2: high | I2: html:blaze.me; request:ecom-api.blaze.me; request:growth-api.blaze.me | L2: api.mapbox.com/geocoding/v5/mapbox.places/1108%20Clinton%20Ave,%20Irvington,%20NJ%2007111.json;cdn.acsbapp.com/cache/app/wildcards.json;cdn.acsbapp.com/config/flowerbombdispensarynj.com/config.json;ecom-api.blaze.me/api/v1/products/recommendations/sponsored-user-top-picks/
A3: MMD NJ | B3: Jersey City | C3: 07306 | D3: Recreational cannabis|Offers delivery | E3: https://mmdshops.com/location/jersey-city/ | F3: https://mmdshops.com/locations/jersey-city/ | G3: Blaze | H3: high | I3: html:blaze.me; iframe:chat.blaze.me; request:chat.blaze.me; request:ecom-api.blaze.me | L3: api.mapbox.com/geocoding/v5/mapbox.places/655%20Newark%20Avenue,%20Jersey%20City,%20NJ%2007306.json;cdn.acsbapp.com/config/mmdshops.com/config.json;col.surfside.io/event/track;collector-azsx401.dmp.cnna.io/analytics/track
A4: Roots Dispensary | B4: Willingboro | C4: 08046 | D4: Expanded ATC (Both Med & Rec)|Medicinal cannabis|Recreational cannabis | E4: http://rootsnj.com | F4: https://rootsnj.com/recreational/brands/ | G4: Blaze | H4: high | I4: html:blaze.me; request:ecom-api.blaze.me; request:growth-api.blaze.me | L4: api.mapbox.com/geocoding/v5/mapbox.places/4402%20US-130,%20Willingboro,%20NJ%2008046.json;cdn.acsbapp.com/config/rootsnj.com/config.json;ecom-api.blaze.me/api/v1/products/;ecom-api.blaze.me/api/v1/products/recommendations/sponsored-user-top-picks/
A5: The Cannabis Place | B5: Jersey City | C5: 07305 | D5: Recreational cannabis|Offers delivery | E5: https://thecannabisplace.org/ | F5: https://thecannabisplace.org/store?locId=2 | G5: Carrot | H5: high | I5: request:api.nevada.getcarrot.io; request:nevada-store-core.getcarrot.io; request:openreplay.getcarrot.io | L5: api.nevada.getcarrot.io/api/v1/customer/me/cart;api.nevada.getcarrot.io/api/v1/store/category;api.nevada.getcarrot.io/api/v1/store/flags;api.nevada.getcarrot.io/api/v1/store/locations
A6: Green Wellness Haven | B6: Pleasantville | C6: 08232 | D6: Microbusiness|Recreational cannabis | E6: http://www.learngreenhaven.com | F6: https://shop.greenhavennj.com/ | G6: Cova | H6: medium | I6: html:covasoft | L6: a.visitor-speed.com/x/y;api.leadpages.io/analytics/v1/events/capture;idx.liadm.com/idex/did-0014/any;js.monitor.azure.com/scripts/b/ai.config.1.cfg.json
A7: Salt Air Botanicals | B7: Atlantic City | C7: 08401 | D7: Microbusiness|Recreational cannabis | E7: https://www.saltairbotanicals.com/ | F7: https://saltairbotanicals.com/menu | G7: Dispense | H7: high | I7: html:dispenseapp.com; request:api.dispenseapp.com; request:dispense-images.imgix.net; also:POSaBIT | L7: api.dispenseapp.com/user/me;api.dispenseapp.com/v1/organizations/0d4970ebc697aaf5/banners;api.dispenseapp.com/v1/users/c6e9e38d8476b8c2/loyalty-profile;api.dispenseapp.com/v1/venues/5f94eb97f7377a96/product-categories/df281e28a06804f7/products
A8: A-Z Supply | B8: Bloomfield | C8: 07003 | D8: Recreational cannabis | E8: https://azsupplynj.com/ | F8: https://azsupplynj.com/order/categories/rare-deals-limited-time-only | G8: Dispense | H8: high | I8: html:dispenseapp.com; iframe:menus.dispenseapp.com; request:api.dispenseapp.com; request:dispense-images.imgix.net | L8: api.dispenseapp.com/user/me;api.dispenseapp.com/v1/organizations/578734f8118f28f9/banners;api.dispenseapp.com/v1/users/cdc413268c6a946c/loyalty-profile;api.dispenseapp.com/v1/venues/c88aefe3940805df/product-categories/71d1acf8cba229a8/products
A9: Blue Oak NJ 1 | B9: Bloomfield | C9: 07003 | D9: Recreational cannabis|Offers delivery|Microbusiness | E9: http://blueoaknj.com | F9: https://blueoaknj.com/shop/offers | G9: Dispense | H9: high | I9: html:dispenseapp.com; request:api.dispenseapp.com; request:dispense-images.imgix.net; also:POSaBIT | L9: api.dispenseapp.com/user/me;api.dispenseapp.com/v1/organizations/a02b1797d236c28e/banners;api.dispenseapp.com/v1/users/ceffeb4387365865/loyalty-profile;api.dispenseapp.com/v1/venues/7450756b1ee88bad/product-categories/f25da7554b980f55/products
A10: Indigo | B10: Brooklawn | C10: 08030 | D10: Recreational cannabis|Offers delivery | E10: https://www.indigodispensary.com/ | F10: https://www.indigodispensary.com/shop/categories/flower | G10: Dispense | H10: high | I10: html:dispenseapp.com; request:api.dispenseapp.com; request:dispense-images.imgix.net; request:js.dispenseapp.com | L10: api.dispenseapp.com/user/me;api.dispenseapp.com/v1/organizations/9b37790780473ec5/banners;api.dispenseapp.com/v1/users/b881c5d80d2cd8c4/loyalty-profile;api.dispenseapp.com/v1/venues/041444e70b831110/product-categories/4990fabc69688bb8/products
A11: Taste of Earth | B11: Buena | C11: 08310 | D11: Microbusiness|Recreational cannabis | E11: https://tasteofearth.co/ | F11: https://tasteofearth.co/shop | G11: Dispense | H11: high | I11: html:dispenseapp.com; request:api.dispenseapp.com; request:dispense-images.imgix.net | L11: api.dispenseapp.com/user/me;api.dispenseapp.com/v1/organizations/0f38e2d8cb267b4c/banners;api.dispenseapp.com/v1/users/de031079a2f3007d/loyalty-profile;api.dispenseapp.com/v1/venues/95ec4d149d67b404/product-categories/c6f3c0bf4f58b982/products
A12: Shore House Canna | B12: Cape May | C12: 08204 | D12: Recreational cannabis|Offers delivery | E12: https://shorehousecanna.com/ | F12: https://www.shorehousecanna.com/menu/offers | G12: Dispense | H12: high | I12: html:dispenseapp.com; iframe:menus.dispenseapp.com; request:api.dispenseapp.com; request:dispense-images.imgix.net | L12: api.dispenseapp.com/user/me;api.dispenseapp.com/v1/organizations/55cb13cd55dc83ba/banners;api.dispenseapp.com/v1/users/e2de42471aba6bcf/loyalty-profile;api.dispenseapp.com/v1/venues/89d4331affeab63c/product-categories/16b292bcdb01347a/products
A13: NJ LEAF Aberdeen | B13: Cliffwood | C13: 07721 | E13: https://njleaf.com/ | F13: https://njleaf.com/products/flower/ | G13: Dispense | H13: medium | I13: html:dispenseapp.com | L13: njleaf.com/cdn-cgi/rum
A14: NJ Leaf Aberdeen | B14: Cliffwood | C14: 07721 | D14: Medicinal cannabis|Recreational cannabis|Expanded ATC (Both Med & Rec) | E14: https://njleaf.com/ | F14: https://njleaf.com/products/flower/ | G14: Dispense | H14: medium | I14: html:dispenseapp.com; reused:same-url | L14: njleaf.com/cdn-cgi/rum
A15: Med Leaf | B15: Egg Harbor City | C15: 08215 | D15: Recreational cannabis | E15: https://www.medleafdispensary.com/ | F15: https://menus.dispenseapp.com/9e34aad030c6f68f/menu/offers | G15: Dispense | H15: high | I15: html:dispenseapp.com; request:api.dispenseapp.com; request:dispense-images.imgix.net; request:menus.dispenseapp.com | L15: col.surfside.io/event/track;engage.wixapps.net/_api/chat-web/v1/chatrooms-for-list-view;engage.wixapps.net/_api/chat-web/v1/display-data/current-user;engage.wixapps.net/_api/chat-web/v1/real-time-tokens
A16: City Leaves | B16: Egg Harbor Township | C16: 08234 | D16: Recreational cannabis | E16: http://cityleaves.com | F16: https://cityleaves.com/shop | G16: Dispense | H16: high | I16: html:dispense-images.imgix; html:dispenseapp.com; request:api.dispenseapp.com; request:dispense-images.imgix.net | L16: api.dispenseapp.com/user/me;api.dispenseapp.com/v1/organizations/06f4c19c09247cd3/banners;api.dispenseapp.com/v1/users/159082396d65d816/loyalty-profile;api.dispenseapp.com/v1/venues/94b97cba76dcbc82/product-categories/11abdf4b255a60c6/products
A17: Conservatory Cannabis Company | B17: Egg Harbor Township | C17: 08234 | D17: Recreational cannabis | E17: http://www.conservatorycannabis.com/ | F17: https://shop.conservatorycannabis.com/shop | G17: Dispense | H17: high | I17: html:dispense-images.imgix; html:dispenseapp.com; request:api.dispenseapp.com; request:dispense-images.imgix.net | L17: api.dispenseapp.com/user/me;api.dispenseapp.com/v1/organizations/c78b003ea247551e/banners;api.dispenseapp.com/v1/users/26c2118cdd80ee01/loyalty-profile;api.dispenseapp.com/v1/venues/482264628c7deb3e/product-categories/1f26b8beb1f4abe0/products
A18: Plantopia | B18: Englishtown | C18: 07726 | D18: Microbusiness|Recreational cannabis | E18: https://plantopiadispensaries.com/?utm_source=google_business&utm_medium=organic&utm_campaign=GBP_englishtown | F18: https://plantopiadispensaries.com/menu/ | G18: Dispense | H18: high | I18: html:dispenseapp.com; request:api.dispenseapp.com; request:dispense-images.imgix.net; also:POSaBIT | L18: api.dispenseapp.com/user/me;api.dispenseapp.com/v1/organizations/63111213d645e6a1/banners;api.dispenseapp.com/v1/users/fc83115a709c4eea/loyalty-profile;api.dispenseapp.com/v1/venues/d73719cc285d62b5/product-categories/9cea83dbe1109fd4/products
A19: Ruuted | B19: Englishtown | C19: 07726 | D19: Recreational cannabis|Offers delivery | E19: http://ruuteddispensary.com/ | F19: https://ruuteddispensary.com/dispensary-delivery/ | G19: Dispense | H19: high | I19: html:dispenseapp.com; request:api.dispenseapp.com; request:dispense-images.imgix.net; also:POSaBIT | L19: api.dispenseapp.com/user/me;api.dispenseapp.com/v1/organizations/2fd6f35442196ce4/banners;api.dispenseapp.com/v1/users/f1c5d7da5d76e769/loyalty-profile;api.dispenseapp.com/v1/venues/257c8e61fe900044/product-filters
A20: NJ Leaf Freehold | B20: Freehold | C20: 07728 | D20: Expanded ATC (Both Med & Rec)|Medicinal cannabis|Recreational cannabis | E20: https://njleaf.com/ | F20: https://njleaf.com/products/flower/ | G20: Dispense | H20: medium | I20: html:dispenseapp.com; reused:same-url | L20: njleaf.com/cdn-cgi/rum
A21: High Street Dispensary | B21: Hackettstown | C21: 07840 | D21: Recreational cannabis|Offers delivery | E21: https://www.njhighstreet.com/ | F21: https://njhighstreet.com/menu | G21: Dispense | H21: high | I21: html:dispense-images.imgix; html:dispenseapp.com; request:api.dispenseapp.com; request:dispense-images.imgix.net | L21: api.dispenseapp.com/user/me;api.dispenseapp.com/v1/organizations/76b7ad1bbe2c7d8d/banners;api.dispenseapp.com/v1/users/14a1cf13b0587266/loyalty-profile;api.dispenseapp.com/v1/venues/5d76cf0363f89fe7/product-filters
A22: Molly Ann Farms | B22: Haledon | C22: 07508 | D22: Recreational cannabis | E22: https://www.mollyannfarms.com/ | F22: https://www.mollyannfarms.com/shop-now | G22: Dispense | H22: high | I22: html:dispense-images.imgix; html:dispenseapp.com; request:api.dispenseapp.com; request:dispense-images.imgix.net | L22: api.dispenseapp.com/user/me;api.dispenseapp.com/v1/organizations/94a363e71d12a909/banners;api.dispenseapp.com/v1/users/e6a40bf5ae63802a/loyalty-profile;api.dispenseapp.com/v1/venues/cfe5f6a8f1d10470/product-categories/abc853006171b228/products
A23: 4Twenty Somewhere | B23: Hewitt | C23: 07421 | D23: Recreational cannabis|Offers delivery | E23: https://4twentysomewhere.com/ | F23: https://4twentysomewhere.com/shop/ | G23: Dispense | H23: high | I23: html:dispenseapp.com; request:api.dispenseapp.com; request:dispense-images.imgix.net; also:POSaBIT | L23: api.dispenseapp.com/user/me;api.dispenseapp.com/v1/organizations/2f1f1c61acf3748d/banners;api.dispenseapp.com/v1/users/06dbf67c592885e2/loyalty-profile;api.dispenseapp.com/v1/venues/680b325c2357c0ab/product-categories/1809026f5ac5f377/products
A24: Anja Life | B24: Highland Park | C24: 08904 | D24: Recreational cannabis|Offers delivery | E24: https://www.getanja.com/ | F24: https://www.getanja.com/shop/none/12pc-cigarette-pack-holder-kingsize | G24: Dispense | H24: high | I24: html:dispenseapp.com; request:api.dispenseapp.com; request:dispense-images.imgix.net; request:stores.dispenseapp.com | L24: api.dispenseapp.com/user/me;api.dispenseapp.com/v1/organizations/f7f4fccd2ec1634a/banners;api.dispenseapp.com/v1/users/e3dff4d7c61c0742/loyalty-profile;api.dispenseapp.com/v1/venues/75b89af98283d723/product-categories/a17d852d68b324c1/products
A25: Jersey Leaf | B25: Jersey City | C25: 07304 | D25: Microbusiness|Recreational cannabis | E25: https://jerseyleaf.net/ | F25: https://jerseyleaf.net/menu | G25: Dispense | H25: high | I25: html:dispenseapp.com; request:api.dispenseapp.com; request:dispense-images.imgix.net; request:js.dispenseapp.com | L25: api.dispenseapp.com/user/me;api.dispenseapp.com/v1/organizations/1c7af7a55b093996/banners;api.dispenseapp.com/v1/users/abdc9679e5a9f0be/loyalty-profile;api.dispenseapp.com/v1/venues/27ac0bd81be82e2b/product-categories/c4a76a4e4fc10eb3/products
... A44: Jersey Meds | B44: Pennington | C44: 08534 | D44: Recreational cannabis|Offers delivery | E44: http://jerseymeds.com | F44: https://jerseymeds.com/shop/categories/edibles | G44: Dispense | H44: high | I44: html:dispenseapp.com; request:api.dispenseapp.com; request:dispense-images.imgix.net; also:POSaBIT | L44: api.dispenseapp.com/user/me;api.dispenseapp.com/v1/users/6f7fa176b4babab9/loyalty-profile;api.dispenseapp.com/v1/venues/2c0db436f9815b7c/product-categories/1738a7fc3458092b/products;api.dispenseapp.com/v1/venues/2c0db436f9815b7c/product-categories/89dd099e8b08050f/products
A45: CannaVerde Dispensary | B45: Plainfield | C45: 07060 | E45: https://cannaverdenj.com/shop | F45: https://cannaverdenj.com/shop/cart | G45: Dispense | H45: high | I45: html:dispenseapp.com; request:api.dispenseapp.com; request:dispense-images.imgix.net | L45: api.dispenseapp.com/user/me;api.dispenseapp.com/v1/organizations/b884475444b21950/banners;api.dispenseapp.com/v1/users/b1c0df0f5ca65ff0/loyalty-profile;api.dispenseapp.com/v1/venues/c873f0d3ace99f68/product-categories/6244041771ac5453/products
A46: Island Vibez | B46: Plainfield | C46: 07060 | D46: Microbusiness|Recreational cannabis | E46: http://islandvibezdispensary.com | F46: https://menus.dispenseapp.com/86fc4f1d31772362/menu/categories/flower | G46: Dispense | H46: high | I46: html:dispenseapp.com; iframe:menus.dispenseapp.com; request:api.dispenseapp.com; request:dispense-images.imgix.net | L46: api.dispenseapp.com/user/me;api.dispenseapp.com/v1/organizations/bbfa1a36700f6519/banners;api.dispenseapp.com/v1/users/a303f9cfed1e61df/loyalty-profile;api.dispenseapp.com/v1/venues/86fc4f1d31772362/product-categories/247f28b30bdc55f6/products
A47: Queen City Remedies | B47: Plainfield | C47: 07062 | D47: Recreational cannabis | E47: https://queencitynj.com/ | F47: https://queencitynj.com/kiosk-ordering/ | G47: Dispense | H47: high | I47: html:dispenseapp.com; request:api.dispenseapp.com; request:dispense-images.imgix.net; also:POSaBIT | L47: api.dispenseapp.com/user/me;api.dispenseapp.com/v1/organizations/6f1e5bb605be1d29/banners;api.dispenseapp.com/v1/users/33524442cb5555c0/loyalty-profile;api.dispenseapp.com/v1/venues/c7a90aef64ff484d/product-categories/d87b6c7c05f00a73/products
A48: The Frosted Nug at Red Bank | B48: Red Bank | C48: 07701 | D48: Recreational cannabis | E48: https://frostednug.com/ | F48: https://frostednug.com/menu/carneys-point/offers | G48: Dispense | H48: high | I48: html:dispenseapp.com; request:api.dispenseapp.com; request:dispense-images.imgix.net; request:js.dispenseapp.com | L48: api.dispenseapp.com/user/me;api.dispenseapp.com/v1/venues/2024883014413667/product-filters;api.dispenseapp.com/v1/venues/2024883014413667/product-offers;api.dispenseapp.com/v1/venues/2024883014413667/product-offers/072f089295ceb07e/products
A49: G2 Dispensary | B49: Rockaway | C49: 07866 | D49: Recreational cannabis | E49: http://G2dispensary.com | F49: https://www.g2dispensary.com/menu/cart | G49: Dispense | H49: high | I49: html:dispenseapp.com; request:api.dispenseapp.com; request:dispense-images.imgix.net | L49: api.dispenseapp.com/user/me;api.dispenseapp.com/v1/organizations/212d84a4526e9399/banners;api.dispenseapp.com/v1/users/46826b8c2d0550a3/loyalty-profile;api.dispenseapp.com/v1/venues/245c8f238f29c512/product-categories/87e59bbe167aad5b/products
A50: A21 Wellness | B50: Scotch Plains | C50: 07076 | D50: Recreational cannabis|Offers delivery|Microbusiness | E50: https://a21dispensary.com/ | F50: https://a21dispensary.com/cannabis-delivery/ | G50: Dispense | H50: high | I50: html:dispenseapp.com; request:api.dispenseapp.com; request:dispense-images.imgix.net | L50: a21dispensary.com/cdn-cgi/rum;api.dispenseapp.com/user/me;api.dispenseapp.com/v1/organizations/3954d316be694892/banners;api.dispenseapp.com/v1/users/51f67028f1f4ae94/loyalty-profile
A51: B Caf Dispensary | B51: Scotch Plains | C51: 07076 | D51: Recreational cannabis | E51: https://www.bcafdispensary.com/ | F51: https://www.bcafdispensary.com/dispensary-near-berkeley-heights-nj/ | G51: Dispense | H51: high | I51: html:dispenseapp.com; request:api.dispenseapp.com; request:dispense-images.imgix.net; also:POSaBIT | L51: api.dispenseapp.com/user/me;api.dispenseapp.com/v1/organizations/f674e142a92d78db/banners;api.dispenseapp.com/v1/users/40d62cae9b7b826a/loyalty-profile;api.dispenseapp.com/v1/venues/de37ee984a8de298/product-categories/665af1814594b7ae/products
A52: Happy Leaf | B52: Somerdale | C52: 08083 | D52: Microbusiness|Recreational cannabis | E52: https://happyleafdispensarynj.com/ | F52: https://happyleafdispensarynj.com/drive-thru | G52: Dispense | H52: medium | I52: html:dispenseapp.com | L52: happyleafdispensarynj.com/;happyleafdispensarynj.com/contact;happyleafdispensarynj.com/deals;happyleafdispensarynj.com/drive-thru
A53: SilverLeaf Wellness | B53: Somerset | C53: 08873 | D53: Expanded ATC (Both Med & Rec)|Medicinal cannabis|Recreational cannabis | E53: https://silverleafnj.com/ | F53: https://silverleafnj.com/menu/rec | G53: Dispense | H53: high | I53: html:dispenseapp.com; request:api.dispenseapp.com; request:dispense-images.imgix.net; also:POSaBIT | L53: ai.virtualbudz.com/admin/business/silverleaf_sil/popup-icon;ai.virtualbudz.com/admin/business/silverleaf_sil/popup-message;ai.virtualbudz.com/admin/business/silverleaf_sil/quick-responses;ai.virtualbudz.com/admin/business/silverleaf_sil/season_status
A54: New Era Dispensary | B54: South Bound Brook | C54: 08880 | D54: Recreational cannabis | E54: https://neweradispensary.com/ | F54: https://neweradispensary.com/ | G54: Dispense | H54: high | I54: html:dispenseapp.com; request:api.dispenseapp.com; request:dispense-images.imgix.net; also:POSaBIT | L54: api.dispenseapp.com/user/me;api.dispenseapp.com/v1/organizations/890f2911f7edec76/banners;api.dispenseapp.com/v1/users/96bc8dfc61fe88bd/loyalty-profile;api.dispenseapp.com/v1/venues/82fdd505d4f2d67a/product-categories/12cf734a5f4cd1ad/products
A55: RushBudz Dispensary | B55: South Bound Brook | C55: 08880 | D55: Recreational cannabis|Offers delivery | E55: https://www.rushbudz.com/new-jersey | F55: https://rushbudz.com/menu/ | G55: Dispense | H55: high | I55: html:dispenseapp.com; request:api.dispenseapp.com; request:dispense-images.imgix.net; also:POSaBIT | L55: api.dispenseapp.com/user/me;api.dispenseapp.com/v1/organizations/75b3285520c40136/banners;api.dispenseapp.com/v1/users/671a2bde88a46caa/loyalty-profile;api.dispenseapp.com/v1/venues/4870989abbd32896/product-categories/8d94b9c312fa68d1/products
A56: Cannabis Clubhouse | B56: Sussex | C56: 07461 | D56: Recreational cannabis|Offers delivery | E56: https://www.cannabisclubhousenj.com/ | F56: https://menus.dispenseapp.com/1c1e4e3311e11e41/menu | G56: Dispense | H56: high | I56: html:dispenseapp.com; request:api.dispenseapp.com; request:dispense-images.imgix.net; request:menus.dispenseapp.com | L56: api.dispenseapp.com/user/me;api.dispenseapp.com/v1/organizations/235f62b898a13e82/banners;api.dispenseapp.com/v1/users/67fe2f4c47c32e09/loyalty-profile;api.dispenseapp.com/v1/venues/1c1e4e3311e11e41/product-categories/d8780f9281654390/products
A57: Vigor Dispensary - Tinton Falls | B57: Tinton Falls | C57: 07753 | D57: Recreational cannabis | E57: https://vigordispensary.com/ | F57: https://vigordispensary.com/shop/vigor-select/ | G57: Dispense | H57: high | I57: html:dispenseapp.com; request:js.dispenseapp.com; also:Sweed; reused:same-url | L57: vigordispensary.com/cdn-cgi/challenge-platform/h/b/fo/725451836:1792768209:ivTpDb-zKS-sVYQWGUnyLJAvlHGzocEMC4zKyc5cWIM/a;vigordispensary.com/cdn-cgi/challenge-platform/h/b/jsd/oneshot/d2d3316b729e/0.8382033251339321:1792768220:2Uqp6YEyPN8Gte
... A111: BLKBRN Cannabis Dispensary | B111: Highland Park | C111: 08904 | D111: Recreational cannabis | E111: https://www.blkbrndispensary.com/ | F111: https://dutchie.com/embedded-menu/66cf5c3ac9fd392b86e202e9 | G111: Dutchie | H111: high | I111: html:dutchie.com; html:embedded-menu; iframe:dutchie.com; request:api.dutchie.com | L111: dutchie.com/api-3/graphql;dutchie.com/graphql;dutchie.com/telemetry;fides.dutchie.com/api/v1/privacy-experience
A112: Herbalicity | B112: Highland Park | C112: 08904 | D112: Recreational cannabis | E112: http://herbalicity.com/ | F112: https://herbalicity.com/shop/category/flower/ | G112: Dutchie | H112: medium | I112: html:dutchie.com
A113: Main Street Dispensary | B113: Highland Park | C113: 08904 | D113: Recreational cannabis | E113: https://www.mainstreetdispensarynj.com/ | F113: https://mainstreetdispensarynj.com/shop-now/?dtche%5Bcategory%5D=flower | G113: Dutchie | H113: high | I113: html:dutchie.com; html:embedded-menu; iframe:dutchie.com; request:api.dutchie.com | L113: dutchie.com/api-0/graphql;dutchie.com/graphql;dutchie.com/telemetry;fd-api.cleantalk.org/frontend_data/v2
A114: The Honorable Plant | B114: Highlands | C114: 07732 | D114: Recreational cannabis|Offers delivery | E114: https://honorableplant.com/ | F114: https://njdispo.com/stores/the-honorable-plant | G114: Dutchie | H114: high | I114: html:dutchie.com; request:assets2.dutchie.com; request:fides.dutchie.com; request:images.dutchie.com | L114: bid.surfside.io/rtb/bids/surfside;col.surfside.io/event/track;creative.surfside.io/native/v2/brand/4dmim/662024ffcfa794b39380887e/999997990.json;fides.dutchie.com/api/v1/privacy-experience
A115: Village Hoboken | B115: Hoboken | C115: 07030 | D115: Recreational cannabis|Offers delivery | E115: https://thevillagebrands.com/ | F115: https://thevillagebrands.com/products/ | G115: Dutchie | H115: high | I115: html:dutchie.com; html:embedded-menu; iframe:dutchie.com; request:api.dutchie.com | L115: dutchie.com/api-1/graphql;dutchie.com/graphql;dutchie.com/telemetry;fides.dutchie.com/api/v1/privacy-experience
A116: Sky Cannabis | B116: Hopewell | C116: 08525 | D116: Recreational cannabis | E116: https://www.skycannanj.com/ | F116: https://www.skycannanj.com/store | G116: Dutchie | H116: high | I116: html:dutchie.com; html:embedded-menu; iframe:dutchie.com; request:api.dutchie.com | L116: dutchie.com/api-4/graphql;dutchie.com/graphql;dutchie.com/telemetry;fides.dutchie.com/api/v1/privacy-experience
A117: Organic Fusion Dispensary | B117: Irvington | C117: 07111 | D117: Recreational cannabis | E117: https://organicfusion.net/ | F117: https://dutchie.com/dispensary/organic-fusion | G117: Dutchie | H117: high | I117: html:dutchie.com; request:assets2.dutchie.com; request:dutchie.com; request:fides.dutchie.com | L117: csp.secureserver.net/eventbus/web;dutchie.com/_next/data/j-3PsoRX1pp0Xdc-MHHfz/us/dispensaries/nj-irvington.json;dutchie.com/api-0/graphql;dutchie.com/graphql
A118: Springfield Ave Dispensary | B118: Irvington | C118: 07111 | D118: Recreational cannabis | E118: https://springfieldavedispensary.com/ | F118: https://springfieldavedispensary.store/shop?dtche[category]=flower | G118: Dutchie | H118: high | I118: html:dutchie.com; html:embedded-menu; iframe:dutchie.com; request:api.dutchie.com | L118: dutchie.com/api-3/graphql;dutchie.com/graphql;dutchie.com/telemetry;fides.dutchie.com/api/v1/privacy-experience
A119: 1634 Funk | B119: Jersey City | C119: 07304 | D119: Recreational cannabis|Microbusiness | E119: https://1634funk.com/ | F119: https://1634funk.com/shop | G119: Dutchie | H119: medium | I119: html:dutchie.com | L119: 1634funk.com/markup/ad;csp.secureserver.net/eventbus/web
A120: Benedict's Supply | B120: Jersey City | C120: 07307 | D120: Recreational cannabis | E120: https://benedictssupply.com/ | F120: https://benedictssupply.com/ | G120: Dutchie | H120: high | I120: html:dutchie.com; html:embedded-menu; iframe:dutchie.com; request:api.dutchie.com | L120: benedictssupply.com/cdn-cgi/rum;dutchie.com/api-4/graphql;dutchie.com/graphql;dutchie.com/telemetry
A121: CREAM Cannabis Dispensary | B121: Jersey City | C121: 07302 | D121: Recreational cannabis | E121: http://cream.online | F121: https://cream.online/shop/flower/ | G121: Dutchie | H121: high | I121: html:dutchie.com; request:images.dutchie.com | L121: cream.online/dutchie-proxy.php
A122: Garden Greenz | B122: Jersey City | C122: 07302 | D122: Microbusiness|Recreational cannabis|Offers delivery | E122: https://gardengreenz201.com/ | F122: https://gardengreenz201.com/menu/ | G122: Dutchie | H122: high | I122: html:dutchie.com; html:embedded-menu; iframe:dutchie.com; request:api.dutchie.com | L122: csp.secureserver.net/eventbus/web;dutchie.com/api-1/graphql;dutchie.com/graphql;dutchie.com/telemetry
A123: Hazy Harvest Dispensary | B123: Jersey City | C123: 07304 | D123: Recreational cannabis | E123: https://hazyharvest.com/ | F123: https://hazyharvest.com/shop/?dtche%5Bpath%5D=specials | G123: Dutchie | H123: high | I123: html:dutchie.com; html:embedded-menu; iframe:dutchie.com; request:api.dutchie.com | L123: dutchie.com/api-0/graphql;dutchie.com/graphql;dutchie.com/telemetry;fides.dutchie.com/api/v1/privacy-experience
A124: Lady L Cannabis | B124: Jersey City | C124: 07304 | D124: Microbusiness|Recreational cannabis | E124: https://ladyljerseycity.com/ | F124: https://ladyljerseycity.com/stores/lady-l-cannabis-jersey-city/products/pre-rolls | G124: Dutchie | H124: high | I124: html:dutchie.com; request:assets2.dutchie.com; request:fides.dutchie.com; request:images.dutchie.com | L124: fides.dutchie.com/api/v1/privacy-experience;ladyljerseycity.com/api-0/graphql;ladyljerseycity.com/cdn-cgi/rum;ladyljerseycity.com/t/i
... A184: Star Leaf Dispensary | B184: Wrightstown | C184: 08562 | D184: Recreational cannabis | E184: https://starleafdispensary.com/ | F184: https://starleafdispensary.com/shop/?dtche%5Bcategory%5D=flower | G184: Dutchie | H184: high | I184: html:dutchie.com; html:embedded-menu; iframe:dutchie.com; request:api.dutchie.com | L184: dutchie.com/api-1/graphql;dutchie.com/graphql;dutchie.com/telemetry;fd-api.cleantalk.org/frontend_data/v2
A185: Blue Violets | B185: Hoboken | C185: 07030 | D185: Recreational cannabis|Offers delivery|Microbusiness | E185: http://blueviolets.co | G185: Error | H185: none | J185: Site failed to load in browser
A186: SunnyTien | B186: Atlantic City | C186: 08401 | D186: Recreational cannabis|Offers delivery|Cannabis Consumption Area | E186: http://sunnytien.com | F186: http://www.instagra.com/SUNNYTIENAC | G186: Flowhub | H186: high | I186: request:origin.dispensary.shop; request:sunnytiennj.dispensary.shop | L186: app.jointcommerce.com/api/event-data/;fh-elastic.apm.psc.us-central1.gcp.cloud.es.io/intake/v2/rum/events;frog.wix.com/bolt-performance;frog.wix.com/bpm
A187: Sweet Leaf's LLC | B187: Atlantic City | C187: 08401 | D187: Recreational cannabis | E187: https://sweetleafsnj.com/ | F187: https://sweetleafnj.dispensary.shop/med/menu?page=1 | G187: Flowhub | H187: high | I187: html:by Flowhub; html:flowhub.com; request:origin.dispensary.shop; request:sweetleafnj.dispensary.shop | L187: fh-elastic.apm.psc.us-central1.gcp.cloud.es.io/intake/v2/rum/events
A188: Green Lightning Cannabis | B188: Cinnaminson | C188: 08077 | D188: Recreational cannabis|Offers delivery | E188: https://greenlightningcannabis.com/ | F188: https://greenlightningcannabis.com/shop/ | G188: Flowhub | H188: high | I188: request:greenlightning.dispensary.shop; request:origin.dispensary.shop | L188: fd-api.cleantalk.org/frontend_data/v2;fh-elastic.apm.psc.us-central1.gcp.cloud.es.io/intake/v2/rum/events
A189: Hamm & Chaz Cannabis Dispensary | B189: Jersey City | C189: 07306 | D189: Recreational cannabis | E189: http://hammchaz.com/ | F189: https://hammandchaz.dispensary.shop/ | G189: Flowhub | H189: high | I189: request:hammandchaz.dispensary.shop; request:origin.dispensary.shop | L189: fh-elastic.apm.psc.us-central1.gcp.cloud.es.io/intake/v2/rum/events;www.hammchaz.com/;www.hammchaz.com/.image-slots.state.json;www.hammchaz.com/AgeGate.dc.html
A190: The Happy Farmer | B190: Lumberton Township | C190: 08048 | D190: Recreational cannabis | E190: https://happyfarmernj.com/ | F190: https://happyfarmernj.com/products/ | G190: Flowhub | H190: medium | I190: html:dispensary.shop
A191: Mass Grown | B191: Mt Holly | C191: 08060 | D191: Recreational cannabis | E191: http://massgrownnj.com | F191: https://massgrown.dispensary.shop/rec/menu | G191: Flowhub | H191: high | I191: html:flowhub.com; request:massgrown.dispensary.shop; request:origin.dispensary.shop | L191: cdn.acsbapp.com/config/massgrownnj.com/config.json;col.surfside.io/event/track;fh-elastic.apm.psc.us-central1.gcp.cloud.es.io/intake/v2/rum/events;r.surfside.io/i0126/7d8cc/config.json
A192: Sage Dispensary | B192: Mt Laurel Township | C192: 08054 | D192: Recreational cannabis | E192: https://sagedispensary.com/ | F192: https://shop.sagedispensarynj.com/ | G192: Flowhub | H192: high | I192: html:dispensary.shop; request:origin.dispensary.shop | L192: fh-elastic.apm.psc.us-central1.gcp.cloud.es.io/intake/v2/rum/events;sagedispensarynj.com/;sagedispensarynj.com/cdn-cgi/challenge-platform/h/b/jsd/oneshot/d2d3316b729e/0.9999477838826931:1792793422:8FxdMQmR8TL0R;shop.sagedispensarynj.com/cdn-cgi/challenge-platform/h/b/jsd/oneshot/d2d3316b729e/0.9999477838826931:1792793422:8FxdMQmR
A193: Spot 23 LLC | B193: Newfoundland | C193: 07435 | D193: Microbusiness|Recreational cannabis | E193: https://spot23llc.com/ | F193: https://spot23-newfoundland.dispensary.shop/catalog/browse?medrec=rec | G193: Flowhub | H193: high | I193: request:origin.dispensary.shop; request:spot23-newfoundland.dispensary.shop | L193: csp.secureserver.net/eventbus/web;fh-elastic.apm.psc.us-central1.gcp.cloud.es.io/intake/v2/rum/events
A194: Canna Remedies | B194: Trenton | C194: 08638 | D194: Recreational cannabis | E194: https://cannaremediesnj.com/ | F194: https://cannaremediesnj.dispensary.shop/rec/all-products/nb/i04 | G194: Flowhub | H194: high | I194: html:by Flowhub; html:flowhub.com; request:cannaremediesnj.dispensary.shop; request:origin.dispensary.shop | L194: fh-elastic.apm.psc.us-central1.gcp.cloud.es.io/intake/v2/rum/events
A195: Illicit Gardens Dispensary Secaucus | B195: Secaucus | C195: 07094 | D195: Medicinal cannabis|Recreational cannabis|Expanded ATC (Both Med & Rec) | E195: https://illicitgardens.com/?utm_source=terrayn_gbp&utm_medium=organic&utm_campaign=secaucus | F195: https://illicitgardens.com/stores//products | G195: Hashly | H195: high | I195: request:illicit-gardens.wearehashly.co | L195: illicitgardens.com/cdn-cgi/challenge-platform/h/b/jsd/oneshot/d2d3316b729e/0.17402221155145703:1792804333:MWXc235bVYWani
A196: Altius NJ | B196: Glassboro | C196: 08028 | D196: Recreational cannabis | E196: https://altiusdispensary.com/location/glassboro/ | F196: https://altiusdispensary.com/shop | G196: Herb.co (Aggle) | H196: high | I196: request:aggle.net; found-via:altiusdispensary.com/shop | L196: altiusdispensary.com/cdn-cgi/rum
A197: Sweetspot Dispensary Hamilton | B197: Hamilton Township | C197: 08619 | D197: Recreational cannabis | E197: https://sweetspotfarms.com/ | F197: https://sweetspotfarms.com/store | G197: Herb.co (Aggle) | H197: high | I197: request:aggle.net; request:cdn.aggle.net; request:herb.aggle.net; request:tags.herb.co | L197: collector-azsx401.dmp.cnna.io/analytics/track;herb.aggle.net/ack;herb.aggle.net/csc;herb.aggle.net/r3r
A198: Earth & Ivy Lakehurst | B198: Lakehurst | C198: 08733 | D198: Recreational cannabis|Offers delivery | E198: https://earthandivy.co/lakehurst-nj-dispensary/ | F198: https://earthandivy.co/menu/ | G198: Herb.co (Aggle) | H198: high | I198: request:aggle.net; request:cdn.aggle.net; request:herb.aggle.net; request:oirt.aggle.net | L198: alocdn.com/c/9rgi64bf/a/xtarget/p.json;col.surfside.io/event/track;collector-azsx401.dmp.cnna.io/analytics/track;earthandivy.co/cdn-cgi/rum
A199: Docanna | B199: Maplewood | C199: 07040 | D199: Recreational cannabis | E199: https://sweetspotfarms.com/store/nj002/menu/rec | F199: https://sweetspotfarms.com/store | G199: Herb.co (Aggle) | H199: high | I199: request:aggle.net; request:cdn.aggle.net; request:herb.aggle.net; request:tags.herb.co | L199: collector-azsx401.dmp.cnna.io/analytics/track;herb.aggle.net/ack;herb.aggle.net/csc;sweetspotfarms.com/
A200: Earth & Ivy | B200: New Brunswick | C200: 08901 | D200: Recreational cannabis|Offers delivery | E200: http://earthandivy.co/ | F200: https://earthandivy.co/menu/collection/flower | G200: Herb.co (Aggle) | H200: high | I200: request:tags.herb.co | L200: col.surfside.io/event/track;collector-azsx401.dmp.cnna.io/analytics/track;earthandivy.co/cdn-cgi/rum;test-custom-tags.cnna.io/app-ids/M2UxMmViMzktYzEyNi00NzRmLTkzOGItZTcxMTNhYTNkMjRi.js
A201: Sweetspot River Edge | B201: River Edge | C201: 07661 | D201: Recreational cannabis | E201: https://sweetspotfarms.com/ | F201: https://sweetspotfarms.com/store | G201: Herb.co (Aggle) | H201: high | I201: request:aggle.net; request:cdn.aggle.net; request:herb.aggle.net; request:tags.herb.co | L201: collector-azsx401.dmp.cnna.io/analytics/track;herb.aggle.net/ack;herb.aggle.net/csc;herb.aggle.net/r3r
A202: Restore NJ | B202: Glassboro | C202: 08028 | D202: Medicinal cannabis|Recreational cannabis|Expanded ATC (Both Med & Rec) | E202: https://restoredispensaries.com/locations/glassboro/ | F202: https://restoredispensaries.com/locations/allentown-pa/menu/ | G202: Hytiva | H202: high | I202: request:api.hytiva.com; request:e.hytiva.com; request:images.hytiva.com | L202: api.hytiva.com/v1/dispensaries/172835;api.hytiva.com/v1/menu/172835;api.hytiva.com/v1/menu/172835/promo
... A215: Feels of Green | B215: Newton | C215: 07860 | D215: Microbusiness|Recreational cannabis | E215: https://feelsofgreendispensary.com/ | F215: https://feelsofgreendispensary.com/cannabis-shop-andover-township/ | G215: Meadow | H215: high | I215: html:getmeadow.com; iframe:embed.getmeadow.com; request:api.getmeadow.com; request:daffodil.getmeadow.com | L215: api.getmeadow.com/organizations/1874;daffodil.getmeadow.com/organizations/1874/products;feelsofgreendispensary.com/wp-json/age-gate/v3/check;feelsofgreendispensary.com/wp-json/sl-insta/media/feed
A216: Public Absecon | B216: Absecon | C216: 08201 | D216: Recreational cannabis | G216: No website | H216: none
A217: Loud House | B217: Camden | C217: 08102 | D217: Microbusiness|Recreational cannabis | G217: No website | H217: none
A218: Memes Danckk World | B218: Jersey City | C218: 07305 | D218: Recreational cannabis | G218: No website | H218: none
A219: The Next Chapter Market | B219: Ocean Township | C219: 07712 | D219: Recreational cannabis | G219: No website | H219: none
A220: Blaze Green | B220: Paterson | C220: 07514 | D220: Recreational cannabis | G220: No website | H220: none
A221: Brute's Roots-Paulsboro | B221: Paulsboro | C221: 08066 | D221: Medicinal cannabis|Recreational cannabis|Expanded ATC (Both Med & Rec) | G221: No website | H221: none
A222: Uncle Beez Greeneryz | B222: Penns Grove | C222: 08069 | D222: Recreational cannabis | G222: No website | H222: none
A223: Broad Street Buds | B223: Phillipsburg | C223: 08865 | D223: Recreational cannabis | G223: No website | H223: none
A224: Kota Canna | B224: Plainfield | C224: 07060 | D224: Microbusiness|Recreational cannabis | G224: No website | H224: none
A225: Roll Models | B225: Roselle | C225: 07203 | G225: No website | H225: none
A226: Dazed Cannabis - Somerset | B226: Somerset | C226: 08873 | D226: Recreational cannabis | G226: No website | H226: none
A227: High End Gardens | B227: Sussex | C227: 07461 | D227: Recreational cannabis | G227: No website | H227: none
A228: The Library of New Jersey | B228: West Orange | C228: 07052 | D228: Microbusiness|Recreational cannabis | G228: No website | H228: none
A229: Twisted Hat Cannabis | B229: Carneys Point | C229: 08069 | D229: Microbusiness|Recreational cannabis | E229: https://twistedhatcannabis.com/ | F229: https://cart.twistedhatcannabis.com/ | G229: Proteus420 | H229: high | I229: request:api.proteuserp.com; request:cloud2.proteuserp.com; request:demosite.proteus420.com; request:www.proteus420.com | L229: api.proteuserp.com/twistedhat/embed/emailform.js.cfm;twistedhatcannabis.com/wp-json/age-gate/v3/check
A230: Toke Lane - Trenton | B230: Trenton | C230: 08608 | D230: Medicinal cannabis|Recreational cannabis|Expanded ATC (Both Med & Rec) | E230: https://tokelane.com/ | F230: https://cart.tokelane.com/index.cfm?chooselocation=1 | G230: Proteus420 | H230: high | I230: iframe:dev4.proteuserp.com; request:cloud.proteuserp.com; request:cloud2.proteuserp.com; request:delivery.proteus420.com | L230: col.surfside.io/event/track;dev4.proteuserp.com/tokelane/chat/chatwidgetsql.cfm;r.surfside.io/gm0a3/98fbd/config.json
A231: Boone Town Provisions | B231: Boonton | C231: 07005 | D231: Recreational cannabis | E231: http://boonetownnj.com | F231: https://boonetownnj.com/products/buy-prerolls/ | G231: Shopify (custom storefront) | H231: medium | I231: html:/collections/; found-via:/products/buy-prerolls/ | L231: cdn.acsbapp.com/config/boonetownnj.com/config.json;col.surfside.io/event/track;r.surfside.io/dd3ef/00253/config.json;r.surfside.io/dd3ef/5e250/config.json
A232: Jersey Dispensary | B232: Jersey City | C232: 07304 | D232: Microbusiness|Recreational cannabis | E232: https://jerseydispensary.com/ | F232: https://getcarrot.io/ | G232: Shopify (custom storefront) | H232: medium | I232: html:/collections/ | L232: api.nevada.getcarrot.io/api/v1/customer/me/cart;api.nevada.getcarrot.io/api/v1/store/category;api.nevada.getcarrot.io/api/v1/store/flags;api.nevada.getcarrot.io/api/v1/store/locations
A233: NAR Cannabis | B233: Mt Laurel Township | C233: 08054 | D233: Recreational cannabis | E233: https://narcannabis.com/ | F233: https://shopnarcannabis.com/pages/career | G233: Shopify (custom storefront) | H233: medium | I233: html:/collections/; html:Shopify.theme; request:cdn.shopify.com; found-via:shopnarcannabis.com/pages/career | K233: Manual check: menu on shopnarcannabis.com (Shopify); homepage is Framer | L233: api.framer.com/auth/web/access-token;api.mapbox.com/fonts/v1/mapbox/DIN%20Pro%20Bold,Arial%20Unicode%20MS%20Bold/0-255.pbf;api.mapbox.com/fonts/v1/mapbox/DIN%20Pro%20Medium,Arial%20Unicode%20MS%20Regular/0-255.pbf;api.mapbox.com/fonts/v1/mapbox/DIN%20Pro%20Medium,Arial%20Unicode%20MS%20Regular/8192-8447.pbf
A234: Zen Leaf | D234: Expanded ATC (Both Med & Rec)|Medicinal cannabis|Recreational cannabis|Offers delivery | E234: https://zenleafdispensaries.com/locations/neptune/ | F234: https://zenleafdispensaries.com/locations/neptune/menu/medical/log-in | G234: Sweed | H234: high | I234: request:media.sweedpos.com; request:posthog.sweedpos.com; request:static-production.sweedpos.com; request:web-ui-production.sweedpos.com | L234: ad.doubleclick.net/ccm/s/collect;analytics.google.com/g/collect;data.zenleafdispensaries.com/catalog/152/medical;data.zenleafdispensaries.com/catalog/553/medical
A235: Natural Apothecary | B235: Belleville | C235: 07109 | D235: Recreational cannabis|Offers delivery | E235: http://natural-apothecary.com | F235: http://shop.natural-apothecary.com/ | G235: Sweed | H235: high | I235: html:sweedpos; request:media.sweedpos.com; request:posthog.sweedpos.com; request:static-production.sweedpos.com | L235: bid.surfside.io/rtb/bids/surfside;col.surfside.io/event/track;creative.surfside.io/native/v2/brand/23bd1/232/999998348.json;creative.surfside.io/product/23bd1/232/172969.json
A236: Castaway Cannabis | B236: Delran | C236: 08075 | D236: Recreational cannabis | E236: http://castawaycanna.com | F236: https://shop.castawaycanna.com/delran | G236: Sweed | H236: high | I236: html:sweedpos; request:media-prime.sweedpos.com; request:posthog.sweedpos.com; request:static-prime.sweedpos.com | L236: bid.surfside.io/rtb/bids/surfside;col.surfside.io/event/track;creative.surfside.io/native/v2/brand/f02d7/76/999997593.json;creative.surfside.io/product/f02d7/76/148796.json
A237: Zacate | B237: Delran | C237: 08075 | D237: Recreational cannabis | E237: http://www.zacate.co | F237: https://zacate.co/shop/ | G237: Sweed | H237: high | I237: html:sweedpos; request:media-prime.sweedpos.com; request:posthog.sweedpos.com; request:static-prime.sweedpos.com | L237: events.dwh.sweedkube.com/decide/;static-prime.sweedpos.com/ecom-themes/builds/prime/c--zacate/b2-a2a65e0c77f6c9626e69815d431960c515e7854423857797a37924a8;web-ui-prime.sweedpos.com/_api/proxy/Account/Get;web-ui-prime.sweedpos.com/_api/proxy/AccountV2/GetAccountFulfillmentPreferencesV2
A238: The Cannabist | B238: Deptford | C238: 08096 | D238: Expanded ATC (Both Med & Rec)|Medicinal cannabis|Recreational cannabis | E238: https://gocannabist.com/location/deptford/ | F238: https://www.gocannabist.com/stores/new-jersey/deptford/shop/medical | G238: Sweed | H238: high | I238: html:sweedpos; request:media.sweedpos.com; request:posthog.sweedpos.com; request:static-production.sweedpos.com | L238: bid.surfside.io/rtb/bids/surfside;cdn.acsbapp.com/config/gocannabist.com/config.json;col.surfside.io/event/track;creative.surfside.io/native/v2/brand/50m83/458/999997901.json
A239: Urge | B239: Elizabeth | C239: 07201 | D239: Microbusiness|Recreational cannabis|Offers delivery | E239: http://urgenj.com | F239: https://urgenj.com/products/ | G239: Sweed | H239: high | I239: html:sweedpos; request:media-prime.sweedpos.com; request:posthog.sweedpos.com; request:static-prime.sweedpos.com | L239: events.dwh.sweedkube.com/decide/;sa.searchatlas.com/api/v2/otto-url-details/;static-prime.sweedpos.com/ecom-themes/builds/prime/c--urge/b2-145315f12368431196843a68110ca88a11c70c34a531c1bd816e9fba12;urgenj.com/cdn-cgi/rum
A240: Zen Leaf | B240: Elizabeth | C240: 07201 | D240: Expanded ATC (Both Med & Rec)|Medicinal cannabis|Recreational cannabis|Offers delivery | E240: https://zenleafdispensaries.com/locations/elizabeth/ | F240: https://zenleafdispensaries.com/locations/elizabeth/menu/medical/log-in | G240: Sweed | H240: high | I240: request:media.sweedpos.com; request:posthog.sweedpos.com; request:static-production.sweedpos.com; request:web-ui-production.sweedpos.com | L240: col.surfside.io/event/track;data.zenleafdispensaries.com/catalog/152/medical;data.zenleafdispensaries.com/catalog/552/medical;data.zenleafdispensaries.com/menu-config/elizabeth
A241: Bud It Up | B241: Englishtown | C241: 07726 | D241: Recreational cannabis | E241: https://www.buditupnj.com/ | F241: https://shop.buditupnj.com/englishtown/menu/discounts?promo=products | G241: Sweed | H241: high | I241: html:sweedpos; request:media-prime.sweedpos.com; request:posthog.sweedpos.com; request:static-prime.sweedpos.com | L241: events.dwh.sweedkube.com/decide/;shop.buditupnj.com/_api/Account/Get;shop.buditupnj.com/_api/AccountV2/GetAccountFulfillmentPreferencesV2;shop.buditupnj.com/_api/Banners/GetBanners
A242: Scarlet Reserve Room | B242: Englishtown | C242: 07726 | D242: Recreational cannabis|Offers delivery | E242: http://scarletreserveroom.com | F242: https://scarletreserveroom.com/englishtown-nj-dispensary-about-us/ | G242: Sweed | H242: high | I242: html:sweedpos; request:media-prime.sweedpos.com; request:posthog.sweedpos.com; request:static-prime.sweedpos.com | L242: events.dwh.sweedkube.com/decide/;pixel.quantserve.com/cs;scarletreserveroom.com/cdn-cgi/rum;scarletreserveroom.com/wp-admin/admin-ajax.php
...

Sheet Notes
A1: How this was built
A2: Store list | B2: The 331 pins on the NJ Cannabis Regulatory Commission dispensary map (retail, microbusiness, medical/ATC). Includes licensed locations that may not yet be open.
A3: Detection | B3: Headless Chromium visited each store website and its menu pages. A platform is named from hosts the page requested, iframes, and footer credits (high = request or iframe seen; medium = page text or hostname inference).
A4: Inferred vendors | B4: Herb.co (Aggle), Hytiva, Proteus420, Carrot, Joint Commerce and Hashly were named from hostnames only; not confirmed on the vendors' own sites.
A5: Brotherly Bud | B5: Footer credits LeafBridge (site builder), but menu requests go to Dutchie, so it is listed as Dutchie.
A6: NAR Cannabis | B6: Marked Shopify from a manual check: menu is on shopnarcannabis.com (Shopify); narcannabis.com is a Framer brochure site.
A7: Unidentified | B7: Not "no menu": many are blocked, failed to load, or run first-party menus. Curaleaf, RISE, Ayr and The Cannabist sites could not be read by automated tools.
A8: Coverage caveat | B8: A partial cross-check against CRC license records (businesses A-N only) matched about 86% of licensed locations to a map pin; the O-Z half was not checked.
A9: Refreshing | B9: Re-run crawl.py detect to refresh; menu platforms change when stores switch vendors.
